user,computer,os,context,FUNCTION,funcName,5
user,computer,os,context,FUNCTION,sbridge.Version,5
user,computer,os,context,FUNCTION,sbridge.dds.GetDDSInfo,1
user,computer,os,context,FUNCTION,sbridge.CardNumber,8
user,computer,os,context,FUNCTION,sbridge.IsBalanced,5
user,computer,os,context,FUNCTION,sbridge.CardsFromString,3
user,computer,os,context,FUNCTION,sbridge.CrossIMPs,2
user,computer,os,context,FUNCTION,sbridge.CardsToString,2
user,computer,os,context,FUNCTION,sbridge.DistFromString,7
user,computer,os,context,FUNCTION,sbridge.DistToString,10
user,computer,os,context,FUNCTION,sbridge.DistProb,5
